"","Days"
"1","January 22, 2020"
"2","February 19, 2020"
"3","March 25, 2020"
"4","April 22, 2020"
"5","May 27, 2020"
"6","June 24, 2020"
"7","July 22, 2020"
"8","August 26, 2020"
"9","September 23, 2020"
"10","October 21, 2020"
"11","November 18, 2020"
"12","December 16, 2020"
"13","January 20, 2021"
"14","February 17, 2021"
"15","March 24, 2021"
"16","April 21, 2020"
"17","May 19, 2021"
"18","June 23, 2021"
"19","July 21, 2021"
"20","August 25, 2021"
"21","September 22, 2021"
"22","October 20, 2021"
"23","November 17, 2021"
"24","December 15, 2021"
"25","January 19, 2022"
"26","February 16, 2022"
"27","March 23, 2022"
"28","April 27, 2022"
"29","May 25, 2022"
"30","June 22, 2022"
"31","July 20, 2022"
"32","August 24, 2022"
"33","September 21, 2022"
"34","October 26, 2022"
"35","November 23, 2022"
"36","December 21, 2022"
